sequenceId,entityId,ParameterKey,ParameterValue
1_01;2_01;3_01;4_01;5_01;6_01;7_01;8_01;9_01;10_01;11_01;12_01;13_01;14_01,1,name,CIA17ONA
1_01;2_01;3_01;4_01;5_01;6_01;7_01;8_01;9_01;10_01;11_01;12_01;13_01;14_01,1,webPA_final,1.04
1_01;2_01;3_01;4_01;5_01;6_01;7_01;8_01;9_01;10_01;11_01;12_01;13_01;14_01,1,Sex,female
1_01;2_01;3_01;4_01;5_01;6_01;7_01;8_01;9_01;10_01;11_01;12_01;13_01;14_01,1,NationalityNo,UNITED ARAB EMIRATES
1_01;2_01;3_01;5_01;6_01;7_01;8_01;9_01;10_01;11_01;12_01;13_01;14_01,3,name,CIB17AW
1_01;2_01;3_01;5_01;6_01;7_01;8_01;9_01;10_01;11_01;12_01;13_01;14_01,3,webPA_final,0.96
1_01;2_01;3_01;5_01;6_01;7_01;8_01;9_01;10_01;11_01;12_01;13_01;14_01,3,Sex,male
1_01;2_01;3_01;5_01;6_01;7_01;8_01;9_01;10_01;11_01;12_01;13_01;14_01,3,NationalityNo,UNITED KINGDOM
1_01;2_01;3_01;4_01;5_01;6_01;7_01;8_01;9_01;10_01;11_01;12_01;13_01;14_01,4,name,CIB17MY
1_01;2_01;3_01;4_01;5_01;6_01;7_01;8_01;9_01;10_01;11_01;12_01;13_01;14_01,4,webPA_final,1.06
1_01;2_01;3_01;4_01;5_01;6_01;7_01;8_01;9_01;10_01;11_01;12_01;13_01;14_01,4,Sex,female
1_01;2_01;3_01;4_01;5_01;6_01;7_01;8_01;9_01;10_01;11_01;12_01;13_01;14_01,4,NationalityNo,UNITED KINGDOM
1_01;2_01;3_01;4_01;5_01;6_01;7_01;8_01;9_01;10_01;11_01;12_01;13_01;14_01,0,name,CIA17HTT
1_01;2_01;3_01;4_01;5_01;6_01;7_01;8_01;9_01;10_01;11_01;12_01;13_01;14_01,0,webPA_final,0.97
1_01;2_01;3_01;4_01;5_01;6_01;7_01;8_01;9_01;10_01;11_01;12_01;13_01;14_01,0,Sex,male
1_01;2_01;3_01;4_01;5_01;6_01;7_01;8_01;9_01;10_01;11_01;12_01;13_01;14_01,0,NationalityNo,NIGERIA
1_01;2_01;3_01;4_01;5_01;6_01;7_01;8_01;9_01;10_01;11_01;13_01;14_01,5,name,CIB17YH
1_01;2_01;3_01;4_01;5_01;6_01;7_01;8_01;9_01;10_01;11_01;13_01;14_01,5,webPA_final,1.01
1_01;2_01;3_01;4_01;5_01;6_01;7_01;8_01;9_01;10_01;11_01;13_01;14_01,5,Sex,male
1_01;2_01;3_01;4_01;5_01;6_01;7_01;8_01;9_01;10_01;11_01;13_01;14_01,5,NationalityNo,CHINA
1_01;2_01;3_01;4_01;5_01;6_01;7_01;8_01;11_01;12_01;13_01;14_01,2,name,CIA17PA
1_01;2_01;3_01;4_01;5_01;6_01;7_01;8_01;11_01;12_01;13_01;14_01,2,webPA_final,0.97
1_01;2_01;3_01;4_01;5_01;6_01;7_01;8_01;11_01;12_01;13_01;14_01,2,Sex,male
1_01;2_01;3_01;4_01;5_01;6_01;7_01;8_01;11_01;12_01;13_01;14_01,2,NationalityNo,UNITED KINGDOM
1_02;2_02;3_02;4_02;5_02;6_02;7_02;8_02;9_02;10_02;11_02;12_02,9,name,CIA17PNS
1_02;2_02;3_02;4_02;5_02;6_02;7_02;8_02;9_02;10_02;11_02;12_02,9,webPA_final,0.99
1_02;2_02;3_02;4_02;5_02;6_02;7_02;8_02;9_02;10_02;11_02;12_02,9,Sex,male
1_02;2_02;3_02;4_02;5_02;6_02;7_02;8_02;9_02;10_02;11_02;12_02,9,NationalityNo,UNITED KINGDOM
1_02;2_02;3_02;4_02;5_02;6_02;7_02;8_02;10_02;11_02;12_02;13_02,11,name,CIB16RD
1_02;2_02;3_02;4_02;5_02;6_02;7_02;8_02;10_02;11_02;12_02;13_02,11,webPA_final,1.02
1_02;2_02;3_02;4_02;5_02;6_02;7_02;8_02;10_02;11_02;12_02;13_02,11,Sex,male
1_02;2_02;3_02;4_02;5_02;6_02;7_02;8_02;10_02;11_02;12_02;13_02,11,NationalityNo,THAILAND
1_02;2_02;3_02;4_02;5_02;6_02;7_02;8_02;9_02;10_02;11_02;12_02;13_02,10,name,CIA17SB
1_02;2_02;3_02;4_02;5_02;6_02;7_02;8_02;9_02;10_02;11_02;12_02;13_02,10,webPA_final,1.02
1_02;2_02;3_02;4_02;5_02;6_02;7_02;8_02;9_02;10_02;11_02;12_02;13_02,10,Sex,male
1_02;2_02;3_02;4_02;5_02;6_02;7_02;8_02;9_02;10_02;11_02;12_02;13_02,10,NationalityNo,UNITED KINGDOM
1_02;2_02;3_02;4_02;5_02;6_02;7_02;8_02;10_02;11_02;13_02,6,name,CIA16NYC
1_02;2_02;3_02;4_02;5_02;6_02;7_02;8_02;10_02;11_02;13_02,6,webPA_final,0.98
1_02;2_02;3_02;4_02;5_02;6_02;7_02;8_02;10_02;11_02;13_02,6,Sex,female
1_02;2_02;3_02;4_02;5_02;6_02;7_02;8_02;10_02;11_02;13_02,6,NationalityNo,HONG KONG
1_02;2_02;3_02;5_02;6_02;7_02;8_02;9_02;10_02;11_02;12_02;13_02,7,name,CIA16TH
1_02;2_02;3_02;5_02;6_02;7_02;8_02;9_02;10_02;11_02;12_02;13_02,7,webPA_final,1.01
1_02;2_02;3_02;5_02;6_02;7_02;8_02;9_02;10_02;11_02;12_02;13_02,7,Sex,male
1_02;2_02;3_02;5_02;6_02;7_02;8_02;9_02;10_02;11_02;12_02;13_02,7,NationalityNo,CHINA
1_03;2_03;3_03;4_03;5_03;6_03;7_03;8_03;9_03;10_03;11_03;12_03;13_03;14_03,13,name,CIA17GJA
1_03;2_03;3_03;4_03;5_03;6_03;7_03;8_03;9_03;10_03;11_03;12_03;13_03;14_03,13,webPA_final,1.03
1_03;2_03;3_03;4_03;5_03;6_03;7_03;8_03;9_03;10_03;11_03;12_03;13_03;14_03,13,Sex,female
1_03;2_03;3_03;4_03;5_03;6_03;7_03;8_03;9_03;10_03;11_03;12_03;13_03;14_03,13,NationalityNo,UNITED KINGDOM
1_03;2_03;3_03;4_03;5_03;6_03;7_03;8_03;9_03;10_03;11_03;12_03;13_03;14_03,17,name,CIB17KA
1_03;2_03;3_03;4_03;5_03;6_03;7_03;8_03;9_03;10_03;11_03;12_03;13_03;14_03,17,webPA_final,0.97
1_03;2_03;3_03;4_03;5_03;6_03;7_03;8_03;9_03;10_03;11_03;12_03;13_03;14_03,17,Sex,male
1_03;2_03;3_03;4_03;5_03;6_03;7_03;8_03;9_03;10_03;11_03;12_03;13_03;14_03,17,NationalityNo,EGYPT
1_03;3_03;4_03;5_03;6_03;7_03;8_03;9_03;10_03;12_03;13_03;14_03,16,name,CIA17TMB
1_03;3_03;4_03;5_03;6_03;7_03;8_03;9_03;10_03;12_03;13_03;14_03,16,webPA_final,1.06
1_03;3_03;4_03;5_03;6_03;7_03;8_03;9_03;10_03;12_03;13_03;14_03,16,Sex,male
1_03;3_03;4_03;5_03;6_03;7_03;8_03;9_03;10_03;12_03;13_03;14_03,16,NationalityNo,UNITED KINGDOM
1_03;2_03;3_03;4_03;5_03;6_03;7_03;8_03;9_03;10_03;11_03;12_03;13_03;14_03,12,name,CIA16CYH
1_03;2_03;3_03;4_03;5_03;6_03;7_03;8_03;9_03;10_03;11_03;12_03;13_03;14_03,12,webPA_final,0.98
1_03;2_03;3_03;4_03;5_03;6_03;7_03;8_03;9_03;10_03;11_03;12_03;13_03;14_03,12,Sex,male
1_03;2_03;3_03;4_03;5_03;6_03;7_03;8_03;9_03;10_03;11_03;12_03;13_03;14_03,12,NationalityNo,HONG KONG
1_03;2_03;3_03;4_03;5_03;6_03;7_03;8_03;9_03;10_03;11_03;12_03;13_03;14_03,14,name,CIA17HW
1_03;2_03;3_03;4_03;5_03;6_03;7_03;8_03;9_03;10_03;11_03;12_03;13_03;14_03,14,webPA_final,1.08
1_03;2_03;3_03;4_03;5_03;6_03;7_03;8_03;9_03;10_03;11_03;12_03;13_03;14_03,14,Sex,male
1_03;2_03;3_03;4_03;5_03;6_03;7_03;8_03;9_03;10_03;11_03;12_03;13_03;14_03,14,NationalityNo,UNITED KINGDOM
1_03;3_03;4_03;5_03;6_03;7_03;8_03;9_03;10_03;11_03;12_03;13_03;14_03,15,name,CIA17RJ
1_03;3_03;4_03;5_03;6_03;7_03;8_03;9_03;10_03;11_03;12_03;13_03;14_03,15,webPA_final,0.89
1_03;3_03;4_03;5_03;6_03;7_03;8_03;9_03;10_03;11_03;12_03;13_03;14_03,15,Sex,male
1_03;3_03;4_03;5_03;6_03;7_03;8_03;9_03;10_03;11_03;12_03;13_03;14_03,15,NationalityNo,UNITED KINGDOM
1_04;3_04;7_04;8_04;10_04;11_04;12_04;13_04,21,name,CIB17JA
1_04;3_04;7_04;8_04;10_04;11_04;12_04;13_04,21,webPA_final,1.02
1_04;3_04;7_04;8_04;10_04;11_04;12_04;13_04,21,Sex,male
1_04;3_04;7_04;8_04;10_04;11_04;12_04;13_04,21,NationalityNo,UNITED KINGDOM
1_04;3_04;7_04;8_04;13_04,23,name,CIC17AM
1_04;3_04;7_04;8_04;13_04,23,webPA_final,0.82
1_04;3_04;7_04;8_04;13_04,23,Sex,male
1_04;3_04;7_04;8_04;13_04,23,NationalityNo,EGYPT
1_04;3_04;5_04;7_04;8_04;11_04;12_04;13_04,18,name,CIA17CHC
1_04;3_04;5_04;7_04;8_04;11_04;12_04;13_04,18,webPA_final,1.05
1_04;3_04;5_04;7_04;8_04;11_04;12_04;13_04,18,Sex,male
1_04;3_04;5_04;7_04;8_04;11_04;12_04;13_04,18,NationalityNo,HONG KONG
1_04;5_04;7_04;8_04;10_04;11_04;12_04;13_04,20,name,CIA17RA
1_04;5_04;7_04;8_04;10_04;11_04;12_04;13_04,20,webPA_final,1.04
1_04;5_04;7_04;8_04;10_04;11_04;12_04;13_04,20,Sex,male
1_04;5_04;7_04;8_04;10_04;11_04;12_04;13_04,20,NationalityNo,UNITED KINGDOM
1_04;3_04;5_04;7_04;8_04;10_04;12_04;13_04,19,name,CIA17KSN
1_04;3_04;5_04;7_04;8_04;10_04;12_04;13_04,19,webPA_final,1.05
1_04;3_04;5_04;7_04;8_04;10_04;12_04;13_04,19,Sex,male
1_04;3_04;5_04;7_04;8_04;10_04;12_04;13_04,19,NationalityNo,CHINA
1_04;3_04;5_04;7_04;8_04;10_04;11_04;13_04,22,name,CIB17RC
1_04;3_04;5_04;7_04;8_04;10_04;11_04;13_04,22,webPA_final,1.02
1_04;3_04;5_04;7_04;8_04;10_04;11_04;13_04,22,Sex,female
1_04;3_04;5_04;7_04;8_04;10_04;11_04;13_04,22,NationalityNo,CHINA
1_05;2_05;3_05;5_05;6_05;7_05;8_05;9_05;10_05;11_05;12_05;13_05;14_05,27,name,CIC16GI
1_05;2_05;3_05;5_05;6_05;7_05;8_05;9_05;10_05;11_05;12_05;13_05;14_05,27,webPA_final,1.04
1_05;2_05;3_05;5_05;6_05;7_05;8_05;9_05;10_05;11_05;12_05;13_05;14_05,27,Sex,male
1_05;2_05;3_05;5_05;6_05;7_05;8_05;9_05;10_05;11_05;12_05;13_05;14_05,27,NationalityNo,RUSSIA
1_05;2_05;3_05;5_05;6_05;7_05;8_05;9_05;10_05;11_05;12_05;13_05;14_05,24,name,CIA17AP
1_05;2_05;3_05;5_05;6_05;7_05;8_05;9_05;10_05;11_05;12_05;13_05;14_05,24,webPA_final,1.02
1_05;2_05;3_05;5_05;6_05;7_05;8_05;9_05;10_05;11_05;12_05;13_05;14_05,24,Sex,female
1_05;2_05;3_05;5_05;6_05;7_05;8_05;9_05;10_05;11_05;12_05;13_05;14_05,24,NationalityNo,UNITED KINGDOM
1_05;2_05;3_05;7_05;9_05;10_05;11_05;12_05;13_05;14_05,26,name,CIA17MT
1_05;2_05;3_05;7_05;9_05;10_05;11_05;12_05;13_05;14_05,26,webPA_final,1.05
1_05;2_05;3_05;7_05;9_05;10_05;11_05;12_05;13_05;14_05,26,Sex,male
1_05;2_05;3_05;7_05;9_05;10_05;11_05;12_05;13_05;14_05,26,NationalityNo,UNITED KINGDOM
1_05;2_05;3_05;5_05;6_05;7_05;8_05;9_05;10_05;11_05;12_05;13_05;14_05,29,name,MTA16CKC
1_05;2_05;3_05;5_05;6_05;7_05;8_05;9_05;10_05;11_05;12_05;13_05;14_05,29,webPA_final,0.89
1_05;2_05;3_05;5_05;6_05;7_05;8_05;9_05;10_05;11_05;12_05;13_05;14_05,29,Sex,male
1_05;2_05;3_05;5_05;6_05;7_05;8_05;9_05;10_05;11_05;12_05;13_05;14_05,29,NationalityNo,HONG KONG
1_05;3_05;5_05;6_05;7_05;8_05;9_05;10_05;11_05;12_05;13_05;14_05,28,name,CIH17SC
1_05;3_05;5_05;6_05;7_05;8_05;9_05;10_05;11_05;12_05;13_05;14_05,28,webPA_final,1.05
1_05;3_05;5_05;6_05;7_05;8_05;9_05;10_05;11_05;12_05;13_05;14_05,28,Sex,male
1_05;3_05;5_05;6_05;7_05;8_05;9_05;10_05;11_05;12_05;13_05;14_05,28,NationalityNo,COLOMBIA
1_05;3_05;5_05;7_05;8_05;10_05;11_05;13_05;14_05,25,name,CIA17DL
1_05;3_05;5_05;7_05;8_05;10_05;11_05;13_05;14_05,25,webPA_final,0.94
1_05;3_05;5_05;7_05;8_05;10_05;11_05;13_05;14_05,25,Sex,male
1_05;3_05;5_05;7_05;8_05;10_05;11_05;13_05;14_05,25,NationalityNo,CHINA
1_06;2_06;3_06;4_06;5_06;6_06;8_06;9_06;10_06;11_06;12_06;13_06,33,name,CIA17SNG
1_06;2_06;3_06;4_06;5_06;6_06;8_06;9_06;10_06;11_06;12_06;13_06,33,webPA_final,1.01
1_06;2_06;3_06;4_06;5_06;6_06;8_06;9_06;10_06;11_06;12_06;13_06,33,Sex,male
1_06;2_06;3_06;4_06;5_06;6_06;8_06;9_06;10_06;11_06;12_06;13_06,33,NationalityNo,EGYPT
1_06;2_06;3_06;4_06;5_06;6_06;7_06;8_06;9_06;10_06;11_06;12_06;13_06,34,name,CIB17KHL
1_06;2_06;3_06;4_06;5_06;6_06;7_06;8_06;9_06;10_06;11_06;12_06;13_06,34,webPA_final,0.97
1_06;2_06;3_06;4_06;5_06;6_06;7_06;8_06;9_06;10_06;11_06;12_06;13_06,34,Sex,male
1_06;2_06;3_06;4_06;5_06;6_06;7_06;8_06;9_06;10_06;11_06;12_06;13_06,34,NationalityNo,HONG KONG
1_06;2_06;3_06;4_06;5_06;6_06;7_06;8_06;9_06;10_06;11_06;12_06;13_06,30,name,CIA17CP
1_06;2_06;3_06;4_06;5_06;6_06;7_06;8_06;9_06;10_06;11_06;12_06;13_06,30,webPA_final,1.02
1_06;2_06;3_06;4_06;5_06;6_06;7_06;8_06;9_06;10_06;11_06;12_06;13_06,30,Sex,female
1_06;2_06;3_06;4_06;5_06;6_06;7_06;8_06;9_06;10_06;11_06;12_06;13_06,30,NationalityNo,UNITED KINGDOM
1_06;3_06;4_06;5_06;6_06;7_06;8_06;10_06;11_06;12_06;13_06,32,name,CIA17MFR
1_06;3_06;4_06;5_06;6_06;7_06;8_06;10_06;11_06;12_06;13_06,32,webPA_final,1.0
1_06;3_06;4_06;5_06;6_06;7_06;8_06;10_06;11_06;12_06;13_06,32,Sex,male
1_06;3_06;4_06;5_06;6_06;7_06;8_06;10_06;11_06;12_06;13_06,32,NationalityNo,UNITED KINGDOM
1_06;2_06;3_06;4_06;5_06;6_06;7_06;8_06;10_06;11_06;13_06,31,name,CIA17KMA
1_06;2_06;3_06;4_06;5_06;6_06;7_06;8_06;10_06;11_06;13_06,31,webPA_final,1.02
1_06;2_06;3_06;4_06;5_06;6_06;7_06;8_06;10_06;11_06;13_06,31,Sex,male
1_06;2_06;3_06;4_06;5_06;6_06;7_06;8_06;10_06;11_06;13_06,31,NationalityNo,JORDAN
1_07;2_07;3_07;4_07;6_07;7_07;8_07;9_07;10_07;11_07;12_07;13_07,39,name,CIB17CS
1_07;2_07;3_07;4_07;6_07;7_07;8_07;9_07;10_07;11_07;12_07;13_07,39,webPA_final,1.01
1_07;2_07;3_07;4_07;6_07;7_07;8_07;9_07;10_07;11_07;12_07;13_07,39,Sex,female
1_07;2_07;3_07;4_07;6_07;7_07;8_07;9_07;10_07;11_07;12_07;13_07,39,NationalityNo,CYPRUS (EUROPEAN UNION)
1_07;2_07;3_07;4_07;5_07;6_07;7_07;8_07;9_07;10_07;11_07;12_07;13_07,35,name,CIA17CCK
1_07;2_07;3_07;4_07;5_07;6_07;7_07;8_07;9_07;10_07;11_07;12_07;13_07,35,webPA_final,1.01
1_07;2_07;3_07;4_07;5_07;6_07;7_07;8_07;9_07;10_07;11_07;12_07;13_07,35,Sex,male
1_07;2_07;3_07;4_07;5_07;6_07;7_07;8_07;9_07;10_07;11_07;12_07;13_07,35,NationalityNo,HONG KONG
1_07;2_07;3_07;4_07;5_07;6_07;7_07;8_07;9_07;10_07;11_07;13_07,37,name,CIA17HG
1_07;2_07;3_07;4_07;5_07;6_07;7_07;8_07;9_07;10_07;11_07;13_07,37,webPA_final,0.98
1_07;2_07;3_07;4_07;5_07;6_07;7_07;8_07;9_07;10_07;11_07;13_07,37,Sex,male
1_07;2_07;3_07;4_07;5_07;6_07;7_07;8_07;9_07;10_07;11_07;13_07,37,NationalityNo,UNITED KINGDOM
1_07;2_07;3_07;4_07;5_07;6_07;7_07;8_07;9_07;10_07;11_07;12_07;13_07,40,name,CIB17FC
1_07;2_07;3_07;4_07;5_07;6_07;7_07;8_07;9_07;10_07;11_07;12_07;13_07,40,webPA_final,1.01
1_07;2_07;3_07;4_07;5_07;6_07;7_07;8_07;9_07;10_07;11_07;12_07;13_07,40,Sex,male
1_07;2_07;3_07;4_07;5_07;6_07;7_07;8_07;9_07;10_07;11_07;12_07;13_07,40,NationalityNo,MACAO
1_07;2_07;3_07;4_07;5_07;6_07;7_07;8_07;9_07;10_07;11_07;12_07;13_07,38,name,CIA17JLP
1_07;2_07;3_07;4_07;5_07;6_07;7_07;8_07;9_07;10_07;11_07;12_07;13_07,38,webPA_final,1.0
1_07;2_07;3_07;4_07;5_07;6_07;7_07;8_07;9_07;10_07;11_07;12_07;13_07,38,Sex,male
1_07;2_07;3_07;4_07;5_07;6_07;7_07;8_07;9_07;10_07;11_07;12_07;13_07,38,NationalityNo,UNITED KINGDOM
1_08;2_08;3_08;4_08;5_08;7_08;8_08;9_08;10_08;11_08;12_08;13_08;14_08,41,name,CIA16CW
1_08;2_08;3_08;4_08;5_08;7_08;8_08;9_08;10_08;11_08;12_08;13_08;14_08,41,webPA_final,1.05
1_08;2_08;3_08;4_08;5_08;7_08;8_08;9_08;10_08;11_08;12_08;13_08;14_08,41,Sex,female
1_08;2_08;3_08;4_08;5_08;7_08;8_08;9_08;10_08;11_08;12_08;13_08;14_08,41,NationalityNo,UNITED KINGDOM
1_08;2_08;3_08;4_08;5_08;7_08;8_08;10_08;11_08;12_08;13_08;14_08,46,name,CIC17MP
1_08;2_08;3_08;4_08;5_08;7_08;8_08;10_08;11_08;12_08;13_08;14_08,46,webPA_final,1.08
1_08;2_08;3_08;4_08;5_08;7_08;8_08;10_08;11_08;12_08;13_08;14_08,46,Sex,male
1_08;2_08;3_08;4_08;5_08;7_08;8_08;10_08;11_08;12_08;13_08;14_08,46,NationalityNo,UNITED KINGDOM
1_08;2_08;3_08;4_08;5_08;6_08;7_08;8_08;9_08;10_08;11_08;12_08;13_08;14_08,44,name,CIA17RMF
1_08;2_08;3_08;4_08;5_08;6_08;7_08;8_08;9_08;10_08;11_08;12_08;13_08;14_08,44,webPA_final,1.05
1_08;2_08;3_08;4_08;5_08;6_08;7_08;8_08;9_08;10_08;11_08;12_08;13_08;14_08,44,Sex,male
1_08;2_08;3_08;4_08;5_08;6_08;7_08;8_08;9_08;10_08;11_08;12_08;13_08;14_08,44,NationalityNo,UNITED KINGDOM
1_08;3_08;6_08;7_08;8_08;10_08;11_08;13_08;14_08,42,name,CIA16TC
1_08;3_08;6_08;7_08;8_08;10_08;11_08;13_08;14_08,42,webPA_final,1.03
1_08;3_08;6_08;7_08;8_08;10_08;11_08;13_08;14_08,42,Sex,male
1_08;3_08;6_08;7_08;8_08;10_08;11_08;13_08;14_08,42,NationalityNo,UNITED KINGDOM
1_08;2_08;3_08;5_08;6_08;7_08;8_08;10_08;11_08;12_08;13_08,43,name,CIA17KZL
1_08;2_08;3_08;5_08;6_08;7_08;8_08;10_08;11_08;12_08;13_08,43,webPA_final,0.92
1_08;2_08;3_08;5_08;6_08;7_08;8_08;10_08;11_08;12_08;13_08,43,Sex,male
1_08;2_08;3_08;5_08;6_08;7_08;8_08;10_08;11_08;12_08;13_08,43,NationalityNo,BURMA
1_09;3_09;5_09;7_09;8_09;10_09;11_09;12_09;13_09;14_09,51,name,CIB17RP
1_09;3_09;5_09;7_09;8_09;10_09;11_09;12_09;13_09;14_09,51,webPA_final,1.04
1_09;3_09;5_09;7_09;8_09;10_09;11_09;12_09;13_09;14_09,51,Sex,male
1_09;3_09;5_09;7_09;8_09;10_09;11_09;12_09;13_09;14_09,51,NationalityNo,INDIA
1_09;3_09;5_09;7_09;8_09;10_09;11_09;12_09;13_09;14_09,49,name,CIA17SP
1_09;3_09;5_09;7_09;8_09;10_09;11_09;12_09;13_09;14_09,49,webPA_final,1.06
1_09;3_09;5_09;7_09;8_09;10_09;11_09;12_09;13_09;14_09,49,Sex,male
1_09;3_09;5_09;7_09;8_09;10_09;11_09;12_09;13_09;14_09,49,NationalityNo,UNITED KINGDOM
1_09;3_09;5_09;7_09;8_09;10_09;11_09;13_09;14_09,48,name,CIA17DX
1_09;3_09;5_09;7_09;8_09;10_09;11_09;13_09;14_09,48,webPA_final,1.02
1_09;3_09;5_09;7_09;8_09;10_09;11_09;13_09;14_09,48,Sex,female
1_09;3_09;5_09;7_09;8_09;10_09;11_09;13_09;14_09,48,NationalityNo,CHINA
1_09;3_09;5_09;7_09;8_09;10_09;11_09;13_09;14_09,47,name,CIA16PO
1_09;3_09;5_09;7_09;8_09;10_09;11_09;13_09;14_09,47,webPA_final,0.95
1_09;3_09;5_09;7_09;8_09;10_09;11_09;13_09;14_09,47,Sex,male
1_09;3_09;5_09;7_09;8_09;10_09;11_09;13_09;14_09,47,NationalityNo,UNITED KINGDOM
1_09;3_09;5_09;7_09;8_09;13_09;14_09,50,name,CIA17WWL
1_09;3_09;5_09;7_09;8_09;13_09;14_09,50,webPA_final,1.0
1_09;3_09;5_09;7_09;8_09;13_09;14_09,50,Sex,male
1_09;3_09;5_09;7_09;8_09;13_09;14_09,50,NationalityNo,HONG KONG
1_10;2_10;3_10;4_10;6_10;7_10;8_10;10_10;12_10;13_10,56,name,CIA17UCK
1_10;2_10;3_10;4_10;6_10;7_10;8_10;10_10;12_10;13_10,56,webPA_final,0.98
1_10;2_10;3_10;4_10;6_10;7_10;8_10;10_10;12_10;13_10,56,Sex,male
1_10;2_10;3_10;4_10;6_10;7_10;8_10;10_10;12_10;13_10,56,NationalityNo,UNITED KINGDOM
1_10;2_10;3_10;4_10;5_10;6_10;7_10;8_10;10_10;12_10;13_10,54,name,CIA17JAT
1_10;2_10;3_10;4_10;5_10;6_10;7_10;8_10;10_10;12_10;13_10,54,webPA_final,1.03
1_10;2_10;3_10;4_10;5_10;6_10;7_10;8_10;10_10;12_10;13_10,54,Sex,male
1_10;2_10;3_10;4_10;5_10;6_10;7_10;8_10;10_10;12_10;13_10,54,NationalityNo,UNITED KINGDOM
1_10;2_10;3_10;4_10;5_10;6_10;7_10;8_10;11_10;12_10;13_10,55,name,CIA17NHZ
1_10;2_10;3_10;4_10;5_10;6_10;7_10;8_10;11_10;12_10;13_10,55,webPA_final,1.04
1_10;2_10;3_10;4_10;5_10;6_10;7_10;8_10;11_10;12_10;13_10,55,Sex,female
1_10;2_10;3_10;4_10;5_10;6_10;7_10;8_10;11_10;12_10;13_10,55,NationalityNo,MALAYSIA
1_10;2_10;3_10;5_10;6_10;7_10;8_10;10_10;13_10,57,name,CIC17XL
1_10;2_10;3_10;5_10;6_10;7_10;8_10;10_10;13_10,57,webPA_final,1.01
1_10;2_10;3_10;5_10;6_10;7_10;8_10;10_10;13_10,57,Sex,male
1_10;2_10;3_10;5_10;6_10;7_10;8_10;10_10;13_10,57,NationalityNo,CHINA
1_10;2_10;3_10;4_10;5_10;6_10;7_10;8_10;10_10;11_10,53,name,CIA16LYL
1_10;2_10;3_10;4_10;5_10;6_10;7_10;8_10;10_10;11_10,53,webPA_final,1.0
1_10;2_10;3_10;4_10;5_10;6_10;7_10;8_10;10_10;11_10,53,Sex,male
1_10;2_10;3_10;4_10;5_10;6_10;7_10;8_10;10_10;11_10,53,NationalityNo,HONG KONG
1_11;2_11;3_11;4_11;5_11;6_11;7_11;8_11;9_11;10_11;11_11;12_11;13_11;14_11,61,name,CIB17DP
1_11;2_11;3_11;4_11;5_11;6_11;7_11;8_11;9_11;10_11;11_11;12_11;13_11;14_11,61,webPA_final,0.98
1_11;2_11;3_11;4_11;5_11;6_11;7_11;8_11;9_11;10_11;11_11;12_11;13_11;14_11,61,Sex,male
1_11;2_11;3_11;4_11;5_11;6_11;7_11;8_11;9_11;10_11;11_11;12_11;13_11;14_11,61,NationalityNo,UNITED KINGDOM
1_11;2_11;3_11;4_11;5_11;6_11;7_11;8_11;9_11;10_11;11_11;12_11;13_11;14_11,60,name,CIA18JLS
1_11;2_11;3_11;4_11;5_11;6_11;7_11;8_11;9_11;10_11;11_11;12_11;13_11;14_11,60,webPA_final,0.86
1_11;2_11;3_11;4_11;5_11;6_11;7_11;8_11;9_11;10_11;11_11;12_11;13_11;14_11,60,Sex,male
1_11;2_11;3_11;4_11;5_11;6_11;7_11;8_11;9_11;10_11;11_11;12_11;13_11;14_11,60,NationalityNo,UNITED KINGDOM
1_11;2_11;3_11;4_11;5_11;6_11;7_11;8_11;9_11;10_11;11_11;12_11;13_11;14_11,62,name,CIB17OK
1_11;2_11;3_11;4_11;5_11;6_11;7_11;8_11;9_11;10_11;11_11;12_11;13_11;14_11,62,webPA_final,1.08
1_11;2_11;3_11;4_11;5_11;6_11;7_11;8_11;9_11;10_11;11_11;12_11;13_11;14_11,62,Sex,male
1_11;2_11;3_11;4_11;5_11;6_11;7_11;8_11;9_11;10_11;11_11;12_11;13_11;14_11,62,NationalityNo,JORDAN
1_11;2_11;3_11;4_11;5_11;6_11;7_11;8_11;9_11;10_11;11_11;12_11;13_11;14_11,59,name,CIA17XY
1_11;2_11;3_11;4_11;5_11;6_11;7_11;8_11;9_11;10_11;11_11;12_11;13_11;14_11,59,webPA_final,1.06
1_11;2_11;3_11;4_11;5_11;6_11;7_11;8_11;9_11;10_11;11_11;12_11;13_11;14_11,59,Sex,female
1_11;2_11;3_11;4_11;5_11;6_11;7_11;8_11;9_11;10_11;11_11;12_11;13_11;14_11,59,NationalityNo,CHINA
1_11;2_11;3_11;4_11;5_11;6_11;7_11;8_11;9_11;10_11;11_11;12_11;13_11;14_11,63,name,CID17KHL
1_11;2_11;3_11;4_11;5_11;6_11;7_11;8_11;9_11;10_11;11_11;12_11;13_11;14_11,63,webPA_final,1.07
1_11;2_11;3_11;4_11;5_11;6_11;7_11;8_11;9_11;10_11;11_11;12_11;13_11;14_11,63,Sex,male
1_11;2_11;3_11;4_11;5_11;6_11;7_11;8_11;9_11;10_11;11_11;12_11;13_11;14_11,63,NationalityNo,HONG KONG
1_12;2_12;3_12;4_12;5_12;6_12;7_12;8_12;9_12;10_12;11_12;12_12;13_12;14_12,66,name,CIA17MH
1_12;2_12;3_12;4_12;5_12;6_12;7_12;8_12;9_12;10_12;11_12;12_12;13_12;14_12,66,webPA_final,1.02
1_12;2_12;3_12;4_12;5_12;6_12;7_12;8_12;9_12;10_12;11_12;12_12;13_12;14_12,66,Sex,male
1_12;2_12;3_12;4_12;5_12;6_12;7_12;8_12;9_12;10_12;11_12;12_12;13_12;14_12,66,NationalityNo,UNITED KINGDOM
1_12;2_12;3_12;4_12;5_12;6_12;7_12;8_12;9_12;10_12;11_12;12_12;13_12;14_12,68,name,CIB16YXC
1_12;2_12;3_12;4_12;5_12;6_12;7_12;8_12;9_12;10_12;11_12;12_12;13_12;14_12,68,webPA_final,1.02
1_12;2_12;3_12;4_12;5_12;6_12;7_12;8_12;9_12;10_12;11_12;12_12;13_12;14_12,68,Sex,male
1_12;2_12;3_12;4_12;5_12;6_12;7_12;8_12;9_12;10_12;11_12;12_12;13_12;14_12,68,NationalityNo,MALAYSIA
1_12;2_12;3_12;4_12;5_12;6_12;7_12;8_12;9_12;10_12;11_12;12_12;13_12;14_12,65,name,CIA16JPH
1_12;2_12;3_12;4_12;5_12;6_12;7_12;8_12;9_12;10_12;11_12;12_12;13_12;14_12,65,webPA_final,0.98
1_12;2_12;3_12;4_12;5_12;6_12;7_12;8_12;9_12;10_12;11_12;12_12;13_12;14_12,65,Sex,male
1_12;2_12;3_12;4_12;5_12;6_12;7_12;8_12;9_12;10_12;11_12;12_12;13_12;14_12,65,NationalityNo,UNITED KINGDOM
1_12;2_12;3_12;4_12;5_12;6_12;7_12;8_12;10_12;11_12;13_12;14_12,64,name,CIA16AM
1_12;2_12;3_12;4_12;5_12;6_12;7_12;8_12;10_12;11_12;13_12;14_12,64,webPA_final,0.99
1_12;2_12;3_12;4_12;5_12;6_12;7_12;8_12;10_12;11_12;13_12;14_12,64,Sex,female
1_12;2_12;3_12;4_12;5_12;6_12;7_12;8_12;10_12;11_12;13_12;14_12,64,NationalityNo,UKRAINE
1_13;3_13;5_13;8_13;10_13;11_13;13_13;14_13,69,name,CIA17AEB
1_13;3_13;5_13;8_13;10_13;11_13;13_13;14_13,69,webPA_final,0.99
1_13;3_13;5_13;8_13;10_13;11_13;13_13;14_13,69,Sex,male
1_13;3_13;5_13;8_13;10_13;11_13;13_13;14_13,69,NationalityNo,UNITED KINGDOM
1_13;3_13;5_13;7_13;10_13;11_13;13_13;14_13,72,name,CIA17RRM
1_13;3_13;5_13;7_13;10_13;11_13;13_13;14_13,72,webPA_final,0.99
1_13;3_13;5_13;7_13;10_13;11_13;13_13;14_13,72,Sex,female
1_13;3_13;5_13;7_13;10_13;11_13;13_13;14_13,72,NationalityNo,UNITED KINGDOM
1_13;3_13;7_13;8_13;10_13;11_13;13_13;14_13,70,name,CIA17BF
1_13;3_13;7_13;8_13;10_13;11_13;13_13;14_13,70,webPA_final,1.02
1_13;3_13;7_13;8_13;10_13;11_13;13_13;14_13,70,Sex,male
1_13;3_13;7_13;8_13;10_13;11_13;13_13;14_13,70,NationalityNo,UNITED KINGDOM
1_13;3_13;5_13;7_13;10_13;11_13;14_13,71,name,CIA17JR
1_13;3_13;5_13;7_13;10_13;11_13;14_13,71,webPA_final,1.0
1_13;3_13;5_13;7_13;10_13;11_13;14_13,71,Sex,male
1_13;3_13;5_13;7_13;10_13;11_13;14_13,71,NationalityNo,UNITED KINGDOM
1_13;3_13;5_13;7_13;8_13;10_13;11_13;13_13;14_13,73,name,CIB17CLL
1_13;3_13;5_13;7_13;8_13;10_13;11_13;13_13;14_13,73,webPA_final,1.04
1_13;3_13;5_13;7_13;8_13;10_13;11_13;13_13;14_13,73,Sex,male
1_13;3_13;5_13;7_13;8_13;10_13;11_13;13_13;14_13,73,NationalityNo,HONG KONG
1_13;3_13;5_13;7_13;8_13;10_13;11_13;14_13,74,name,MEA17ABA
1_13;3_13;5_13;7_13;8_13;10_13;11_13;14_13,74,webPA_final,0.99
1_13;3_13;5_13;7_13;8_13;10_13;11_13;14_13,74,Sex,male
1_13;3_13;5_13;7_13;8_13;10_13;11_13;14_13,74,NationalityNo,MALAYSIA
1_14;3_14;7_14;8_14;10_14;11_14;13_14;14_14,78,name,CIA17RKC
1_14;3_14;7_14;8_14;10_14;11_14;13_14;14_14,78,webPA_final,1.0
1_14;3_14;7_14;8_14;10_14;11_14;13_14;14_14,78,Sex,male
1_14;3_14;7_14;8_14;10_14;11_14;13_14;14_14,78,NationalityNo,UNITED KINGDOM
1_14;3_14;5_14;7_14;8_14;10_14;11_14;13_14;14_14,79,name,CIA17SFJ
1_14;3_14;5_14;7_14;8_14;10_14;11_14;13_14;14_14,79,webPA_final,1.0
1_14;3_14;5_14;7_14;8_14;10_14;11_14;13_14;14_14,79,Sex,female
1_14;3_14;5_14;7_14;8_14;10_14;11_14;13_14;14_14,79,NationalityNo,UNITED KINGDOM
1_14;3_14;5_14;7_14;8_14;10_14;11_14;13_14;14_14,80,name,EIA17CH
1_14;3_14;5_14;7_14;8_14;10_14;11_14;13_14;14_14,80,webPA_final,1.01
1_14;3_14;5_14;7_14;8_14;10_14;11_14;13_14;14_14,80,Sex,female
1_14;3_14;5_14;7_14;8_14;10_14;11_14;13_14;14_14,80,NationalityNo,UNITED KINGDOM
1_14;3_14;5_14;7_14;8_14;10_14;11_14;13_14;14_14,75,name,CIA17ABA
1_14;3_14;5_14;7_14;8_14;10_14;11_14;13_14;14_14,75,webPA_final,1.0
1_14;3_14;5_14;7_14;8_14;10_14;11_14;13_14;14_14,75,Sex,male
1_14;3_14;5_14;7_14;8_14;10_14;11_14;13_14;14_14,75,NationalityNo,MALAYSIA
1_14;3_14;5_14;7_14;8_14;10_14;11_14;13_14;14_14,77,name,CIA17KHF
1_14;3_14;5_14;7_14;8_14;10_14;11_14;13_14;14_14,77,webPA_final,1.01
1_14;3_14;5_14;7_14;8_14;10_14;11_14;13_14;14_14,77,Sex,male
1_14;3_14;5_14;7_14;8_14;10_14;11_14;13_14;14_14,77,NationalityNo,HONG KONG
1_14;3_14;5_14;7_14;8_14;10_14;11_14;13_14;14_14,76,name,CIA17ECS
1_14;3_14;5_14;7_14;8_14;10_14;11_14;13_14;14_14,76,webPA_final,1.0
1_14;3_14;5_14;7_14;8_14;10_14;11_14;13_14;14_14,76,Sex,male
1_14;3_14;5_14;7_14;8_14;10_14;11_14;13_14;14_14,76,NationalityNo,UNITED KINGDOM
1_15;3_15;5_15;7_15;8_15;10_15;11_15;13_15;14_15,81,name,CIA16OC
1_15;3_15;5_15;7_15;8_15;10_15;11_15;13_15;14_15,81,webPA_final,1.0
1_15;3_15;5_15;7_15;8_15;10_15;11_15;13_15;14_15,81,Sex,male
1_15;3_15;5_15;7_15;8_15;10_15;11_15;13_15;14_15,81,NationalityNo,UNITED KINGDOM
1_15;3_15;5_15;7_15;8_15;10_15;11_15;13_15;14_15,85,name,CIA17WP
1_15;3_15;5_15;7_15;8_15;10_15;11_15;13_15;14_15,85,webPA_final,1.0
1_15;3_15;5_15;7_15;8_15;10_15;11_15;13_15;14_15,85,Sex,female
1_15;3_15;5_15;7_15;8_15;10_15;11_15;13_15;14_15,85,NationalityNo,POLAND
1_15;3_15;5_15;7_15;8_15;10_15;11_15;13_15;14_15,84,name,CIA17TCW
1_15;3_15;5_15;7_15;8_15;10_15;11_15;13_15;14_15,84,webPA_final,1.0
1_15;3_15;5_15;7_15;8_15;10_15;11_15;13_15;14_15,84,Sex,male
1_15;3_15;5_15;7_15;8_15;10_15;11_15;13_15;14_15,84,NationalityNo,UNITED KINGDOM
1_15;3_15;5_15;7_15;8_15;10_15;11_15;13_15;14_15,82,name,CIA17AKD
1_15;3_15;5_15;7_15;8_15;10_15;11_15;13_15;14_15,82,webPA_final,1.0
1_15;3_15;5_15;7_15;8_15;10_15;11_15;13_15;14_15,82,Sex,female
1_15;3_15;5_15;7_15;8_15;10_15;11_15;13_15;14_15,82,NationalityNo,UNITED KINGDOM
1_15;3_15;5_15;7_15;8_15;10_15;11_15;13_15;14_15,83,name,CIA17JWC
1_15;3_15;5_15;7_15;8_15;10_15;11_15;13_15;14_15,83,webPA_final,1.0
1_15;3_15;5_15;7_15;8_15;10_15;11_15;13_15;14_15,83,Sex,male
1_15;3_15;5_15;7_15;8_15;10_15;11_15;13_15;14_15,83,NationalityNo,UNITED KINGDOM
1_16;3_16;7_16;8_16;10_16;11_16;14_16,89,name,CIA17SR
1_16;3_16;7_16;8_16;10_16;11_16;14_16,89,webPA_final,1.01
1_16;3_16;7_16;8_16;10_16;11_16;14_16,89,Sex,female
1_16;3_16;7_16;8_16;10_16;11_16;14_16,89,NationalityNo,UNITED KINGDOM
1_16;3_16;5_16;7_16;8_16;10_16;11_16;14_16,90,name,EIA17BT
1_16;3_16;5_16;7_16;8_16;10_16;11_16;14_16,90,webPA_final,0.99
1_16;3_16;5_16;7_16;8_16;10_16;11_16;14_16,90,Sex,male
1_16;3_16;5_16;7_16;8_16;10_16;11_16;14_16,90,NationalityNo,UNITED KINGDOM
1_16;3_16;5_16;7_16;8_16;10_16;11_16;14_16,88,name,CIA17MWH
1_16;3_16;5_16;7_16;8_16;10_16;11_16;14_16,88,webPA_final,0.99
1_16;3_16;5_16;7_16;8_16;10_16;11_16;14_16,88,Sex,male
1_16;3_16;5_16;7_16;8_16;10_16;11_16;14_16,88,NationalityNo,HONG KONG
1_16;3_16;5_16;7_16;8_16;10_16;11_16;14_16,87,name,CIA17BC
1_16;3_16;5_16;7_16;8_16;10_16;11_16;14_16,87,webPA_final,1.01
1_16;3_16;5_16;7_16;8_16;10_16;11_16;14_16,87,Sex,male
1_16;3_16;5_16;7_16;8_16;10_16;11_16;14_16,87,NationalityNo,UNITED KINGDOM
1_16;3_16;5_16;7_16;8_16;10_16;11_16;14_16,86,name,CIA16CJS
1_16;3_16;5_16;7_16;8_16;10_16;11_16;14_16,86,webPA_final,1.01
1_16;3_16;5_16;7_16;8_16;10_16;11_16;14_16,86,Sex,male
1_16;3_16;5_16;7_16;8_16;10_16;11_16;14_16,86,NationalityNo,UNITED KINGDOM
1_17;3_17;5_17;7_17;8_17;10_17;11_17;13_17,93,name,CIA17LEM
1_17;3_17;5_17;7_17;8_17;10_17;11_17;13_17,93,webPA_final,1.04
1_17;3_17;5_17;7_17;8_17;10_17;11_17;13_17,93,Sex,female
1_17;3_17;5_17;7_17;8_17;10_17;11_17;13_17,93,NationalityNo,UNITED KINGDOM
1_17;3_17;5_17;7_17;8_17;10_17;11_17;13_17;14_17,94,name,CIA17SJW
1_17;3_17;5_17;7_17;8_17;10_17;11_17;13_17;14_17,94,webPA_final,0.92
1_17;3_17;5_17;7_17;8_17;10_17;11_17;13_17;14_17,94,Sex,male
1_17;3_17;5_17;7_17;8_17;10_17;11_17;13_17;14_17,94,NationalityNo,UNITED KINGDOM
1_17;3_17;5_17;7_17;10_17;11_17;13_17;14_17,91,name,CIA16HP
1_17;3_17;5_17;7_17;10_17;11_17;13_17;14_17,91,webPA_final,1.06
1_17;3_17;5_17;7_17;10_17;11_17;13_17;14_17,91,Sex,female
1_17;3_17;5_17;7_17;10_17;11_17;13_17;14_17,91,NationalityNo,UNITED KINGDOM
1_17;3_17;5_17;7_17;8_17;10_17;14_17,92,name,CIA17ER
1_17;3_17;5_17;7_17;8_17;10_17;14_17,92,webPA_final,1.03
1_17;3_17;5_17;7_17;8_17;10_17;14_17,92,Sex,male
1_17;3_17;5_17;7_17;8_17;10_17;14_17,92,NationalityNo,UNITED KINGDOM
1_17;3_17;5_17;7_17;8_17;10_17;11_17;13_17;14_17,95,name,CIA17STC
1_17;3_17;5_17;7_17;8_17;10_17;11_17;13_17;14_17,95,webPA_final,1.03
1_17;3_17;5_17;7_17;8_17;10_17;11_17;13_17;14_17,95,Sex,male
1_17;3_17;5_17;7_17;8_17;10_17;11_17;13_17;14_17,95,NationalityNo,HONG KONG
1_17;3_17;5_17;7_17;8_17;10_17;11_17;13_17,96,name,CIB17SL
1_17;3_17;5_17;7_17;8_17;10_17;11_17;13_17,96,webPA_final,0.94
1_17;3_17;5_17;7_17;8_17;10_17;11_17;13_17,96,Sex,male
1_17;3_17;5_17;7_17;8_17;10_17;11_17;13_17,96,NationalityNo,HONG KONG
1_18;3_18;5_18;7_18;8_18;10_18;11_18;13_18;14_18,98,name,CIA17AHD
1_18;3_18;5_18;7_18;8_18;10_18;11_18;13_18;14_18,98,webPA_final,1.0
1_18;3_18;5_18;7_18;8_18;10_18;11_18;13_18;14_18,98,Sex,male
1_18;3_18;5_18;7_18;8_18;10_18;11_18;13_18;14_18,98,NationalityNo,UNITED KINGDOM
1_18;3_18;5_18;7_18;8_18;10_18;11_18;13_18;14_18,97,name,CIA16LG
1_18;3_18;5_18;7_18;8_18;10_18;11_18;13_18;14_18,97,webPA_final,1.0
1_18;3_18;5_18;7_18;8_18;10_18;11_18;13_18;14_18,97,Sex,male
1_18;3_18;5_18;7_18;8_18;10_18;11_18;13_18;14_18,97,NationalityNo,UNITED KINGDOM
1_18;3_18;5_18;7_18;8_18;10_18;11_18;13_18;14_18,99,name,CIA17DA
1_18;3_18;5_18;7_18;8_18;10_18;11_18;13_18;14_18,99,webPA_final,1.0
1_18;3_18;5_18;7_18;8_18;10_18;11_18;13_18;14_18,99,Sex,female
1_18;3_18;5_18;7_18;8_18;10_18;11_18;13_18;14_18,99,NationalityNo,UNITED KINGDOM
1_18;3_18;5_18;7_18;8_18;10_18;11_18;13_18;14_18,101,name,CIB17CH
1_18;3_18;5_18;7_18;8_18;10_18;11_18;13_18;14_18,101,webPA_final,1.0
1_18;3_18;5_18;7_18;8_18;10_18;11_18;13_18;14_18,101,Sex,male
1_18;3_18;5_18;7_18;8_18;10_18;11_18;13_18;14_18,101,NationalityNo,UNITED KINGDOM
1_18;3_18;5_18;7_18;8_18;10_18;11_18;13_18;14_18,102,name,CIC17NL
1_18;3_18;5_18;7_18;8_18;10_18;11_18;13_18;14_18,102,webPA_final,1.0
1_18;3_18;5_18;7_18;8_18;10_18;11_18;13_18;14_18,102,Sex,male
1_18;3_18;5_18;7_18;8_18;10_18;11_18;13_18;14_18,102,NationalityNo,HONG KONG
1_19;3_19;5_19;7_19;8_19;10_19;11_19;13_19;14_19,106,name,CIA17LW
1_19;3_19;5_19;7_19;8_19;10_19;11_19;13_19;14_19,106,webPA_final,1.06
1_19;3_19;5_19;7_19;8_19;10_19;11_19;13_19;14_19,106,Sex,female
1_19;3_19;5_19;7_19;8_19;10_19;11_19;13_19;14_19,106,NationalityNo,UNITED KINGDOM
1_19;3_19;5_19;7_19;8_19;10_19;11_19;13_19;14_19,108,name,CIA17MR
1_19;3_19;5_19;7_19;8_19;10_19;11_19;13_19;14_19,108,webPA_final,1.05
1_19;3_19;5_19;7_19;8_19;10_19;11_19;13_19;14_19,108,Sex,male
1_19;3_19;5_19;7_19;8_19;10_19;11_19;13_19;14_19,108,NationalityNo,PAKISTAN
1_19;3_19;8_19;14_19,104,name,CIA17FWD
1_19;3_19;8_19;14_19,104,webPA_final,0.96
1_19;3_19;8_19;14_19,104,Sex,male
1_19;3_19;8_19;14_19,104,NationalityNo,UNITED KINGDOM
1_19;3_19;5_19;7_19;8_19;10_19;11_19;13_19;14_19,107,name,CIA17MK
1_19;3_19;5_19;7_19;8_19;10_19;11_19;13_19;14_19,107,webPA_final,0.99
1_19;3_19;5_19;7_19;8_19;10_19;11_19;13_19;14_19,107,Sex,male
1_19;3_19;5_19;7_19;8_19;10_19;11_19;13_19;14_19,107,NationalityNo,UNITED KINGDOM
1_19;3_19;5_19;7_19;8_19;11_19;13_19;14_19,103,name,CIA17BJH
1_19;3_19;5_19;7_19;8_19;11_19;13_19;14_19,103,webPA_final,1.01
1_19;3_19;5_19;7_19;8_19;11_19;13_19;14_19,103,Sex,male
1_19;3_19;5_19;7_19;8_19;11_19;13_19;14_19,103,NationalityNo,UNITED KINGDOM
1_20;3_20;5_20;7_20;8_20;10_20;11_20;13_20;14_20,111,name,CIA17JMW
1_20;3_20;5_20;7_20;8_20;10_20;11_20;13_20;14_20,111,webPA_final,1.0
1_20;3_20;5_20;7_20;8_20;10_20;11_20;13_20;14_20,111,Sex,male
1_20;3_20;5_20;7_20;8_20;10_20;11_20;13_20;14_20,111,NationalityNo,UNITED KINGDOM
1_20;3_20;5_20;7_20;8_20;10_20;11_20;13_20;14_20,109,name,CIA17CD
1_20;3_20;5_20;7_20;8_20;10_20;11_20;13_20;14_20,109,webPA_final,1.0
1_20;3_20;5_20;7_20;8_20;10_20;11_20;13_20;14_20,109,Sex,female
1_20;3_20;5_20;7_20;8_20;10_20;11_20;13_20;14_20,109,NationalityNo,UNITED KINGDOM
1_20;3_20;5_20;7_20;8_20;10_20;11_20;13_20;14_20,114,name,MDA15JJH
1_20;3_20;5_20;7_20;8_20;10_20;11_20;13_20;14_20,114,webPA_final,1.0
1_20;3_20;5_20;7_20;8_20;10_20;11_20;13_20;14_20,114,Sex,male
1_20;3_20;5_20;7_20;8_20;10_20;11_20;13_20;14_20,114,NationalityNo,UNITED KINGDOM
1_20;3_20;5_20;7_20;10_20;11_20;13_20;14_20,113,name,FCA17MFI
1_20;3_20;5_20;7_20;10_20;11_20;13_20;14_20,113,webPA_final,1.0
1_20;3_20;5_20;7_20;10_20;11_20;13_20;14_20,113,Sex,male
1_20;3_20;5_20;7_20;10_20;11_20;13_20;14_20,113,NationalityNo,MALAYSIA
1_20;3_20;5_20;7_20;8_20;10_20;11_20;13_20;14_20,112,name,CIA17MJH
1_20;3_20;5_20;7_20;8_20;10_20;11_20;13_20;14_20,112,webPA_final,1.0
1_20;3_20;5_20;7_20;8_20;10_20;11_20;13_20;14_20,112,Sex,male
1_20;3_20;5_20;7_20;8_20;10_20;11_20;13_20;14_20,112,NationalityNo,UNITED KINGDOM
1_20;3_20;5_20;7_20;8_20;10_20;11_20;13_20;14_20,110,name,CIA17ELC
1_20;3_20;5_20;7_20;8_20;10_20;11_20;13_20;14_20,110,webPA_final,1.0
1_20;3_20;5_20;7_20;8_20;10_20;11_20;13_20;14_20,110,Sex,female
1_20;3_20;5_20;7_20;8_20;10_20;11_20;13_20;14_20,110,NationalityNo,UNITED KINGDOM
1_21;3_21;5_21;7_21;8_21;10_21;11_21;13_21;14_21,119,name,EIA16VJB
1_21;3_21;5_21;7_21;8_21;10_21;11_21;13_21;14_21,119,webPA_final,1.04
1_21;3_21;5_21;7_21;8_21;10_21;11_21;13_21;14_21,119,Sex,female
1_21;3_21;5_21;7_21;8_21;10_21;11_21;13_21;14_21,119,NationalityNo,UNITED KINGDOM
1_21;5_21;7_21;8_21;10_21;11_21;13_21;14_21,117,name,CIA17JEL
1_21;5_21;7_21;8_21;10_21;11_21;13_21;14_21,117,webPA_final,1.02
1_21;5_21;7_21;8_21;10_21;11_21;13_21;14_21,117,Sex,male
1_21;5_21;7_21;8_21;10_21;11_21;13_21;14_21,117,NationalityNo,UNITED KINGDOM
1_21;3_21;5_21;7_21;8_21;10_21;11_21;13_21;14_21,115,name,CIA16CH
1_21;3_21;5_21;7_21;8_21;10_21;11_21;13_21;14_21,115,webPA_final,1.02
1_21;3_21;5_21;7_21;8_21;10_21;11_21;13_21;14_21,115,Sex,male
1_21;3_21;5_21;7_21;8_21;10_21;11_21;13_21;14_21,115,NationalityNo,UNITED KINGDOM
1_21;3_21;5_21;7_21;10_21;11_21;13_21;14_21,118,name,CIA17SY
1_21;3_21;5_21;7_21;10_21;11_21;13_21;14_21,118,webPA_final,1.01
1_21;3_21;5_21;7_21;10_21;11_21;13_21;14_21,118,Sex,female
1_21;3_21;5_21;7_21;10_21;11_21;13_21;14_21,118,NationalityNo,UNITED KINGDOM
1_22;3_22;5_22;7_22;8_22;10_22;11_22;13_22;14_22,121,name,CIA17BR
1_22;3_22;5_22;7_22;8_22;10_22;11_22;13_22;14_22,121,webPA_final,1.01
1_22;3_22;5_22;7_22;8_22;10_22;11_22;13_22;14_22,121,Sex,female
1_22;3_22;5_22;7_22;8_22;10_22;11_22;13_22;14_22,121,NationalityNo,UNITED KINGDOM
1_22;3_22;5_22;7_22;8_22;10_22;11_22;13_22;14_22,120,name,CIA16Y
1_22;3_22;5_22;7_22;8_22;10_22;11_22;13_22;14_22,120,webPA_final,1.0
1_22;3_22;5_22;7_22;8_22;10_22;11_22;13_22;14_22,120,Sex,male
1_22;3_22;5_22;7_22;8_22;10_22;11_22;13_22;14_22,120,NationalityNo,UNITED KINGDOM
1_22;3_22;7_22;8_22;10_22;11_22;13_22;14_22,123,name,CIA17MZC
1_22;3_22;7_22;8_22;10_22;11_22;13_22;14_22,123,webPA_final,1.0
1_22;3_22;7_22;8_22;10_22;11_22;13_22;14_22,123,Sex,male
1_22;3_22;7_22;8_22;10_22;11_22;13_22;14_22,123,NationalityNo,UNITED KINGDOM
1_22;3_22;5_22;8_22;10_22;11_22;13_22;14_22,124,name,CIA17SC
1_22;3_22;5_22;8_22;10_22;11_22;13_22;14_22,124,webPA_final,1.0
1_22;3_22;5_22;8_22;10_22;11_22;13_22;14_22,124,Sex,male
1_22;3_22;5_22;8_22;10_22;11_22;13_22;14_22,124,NationalityNo,KENYA
1_22;3_22;5_22;7_22;8_22;10_22;11_22;13_22;14_22,125,name,MEA17NHW
1_22;3_22;5_22;7_22;8_22;10_22;11_22;13_22;14_22,125,webPA_final,1.0
1_22;3_22;5_22;7_22;8_22;10_22;11_22;13_22;14_22,125,Sex,male
1_22;3_22;5_22;7_22;8_22;10_22;11_22;13_22;14_22,125,NationalityNo,UNITED KINGDOM
1_22;3_22;5_22;7_22;8_22;10_22;11_22;13_22;14_22,122,name,CIA17HWT
1_22;3_22;5_22;7_22;8_22;10_22;11_22;13_22;14_22,122,webPA_final,1.0
1_22;3_22;5_22;7_22;8_22;10_22;11_22;13_22;14_22,122,Sex,male
1_22;3_22;5_22;7_22;8_22;10_22;11_22;13_22;14_22,122,NationalityNo,UNITED KINGDOM
1_23;3_23;5_23;7_23;8_23;11_23;13_23;14_23,128,name,CIA17DC
1_23;3_23;5_23;7_23;8_23;11_23;13_23;14_23,128,webPA_final,1.02
1_23;3_23;5_23;7_23;8_23;11_23;13_23;14_23,128,Sex,male
1_23;3_23;5_23;7_23;8_23;11_23;13_23;14_23,128,NationalityNo,UNITED KINGDOM
1_23;3_23;5_23;7_23;8_23;11_23;14_23,129,name,CIA17RH
1_23;3_23;5_23;7_23;8_23;11_23;14_23,129,webPA_final,1.01
1_23;3_23;5_23;7_23;8_23;11_23;14_23,129,Sex,male
1_23;3_23;5_23;7_23;8_23;11_23;14_23,129,NationalityNo,UNITED KINGDOM
1_23;3_23;5_23;7_23;8_23;11_23;14_23,131,name,FCA17ABM
1_23;3_23;5_23;7_23;8_23;11_23;14_23,131,webPA_final,1.01
1_23;3_23;5_23;7_23;8_23;11_23;14_23,131,Sex,female
1_23;3_23;5_23;7_23;8_23;11_23;14_23,131,NationalityNo,MALAYSIA
1_23;3_23;5_23;7_23;11_23;13_23,126,name,CIA16LI
1_23;3_23;5_23;7_23;11_23;13_23,126,webPA_final,0.97
1_23;3_23;5_23;7_23;11_23;13_23,126,Sex,male
1_23;3_23;5_23;7_23;11_23;13_23,126,NationalityNo,UNITED KINGDOM
1_23;3_23;5_23;7_23;8_23;11_23;13_23;14_23,130,name,CIA17SLP
1_23;3_23;5_23;7_23;8_23;11_23;13_23;14_23,130,webPA_final,1.02
1_23;3_23;5_23;7_23;8_23;11_23;13_23;14_23,130,Sex,female
1_23;3_23;5_23;7_23;8_23;11_23;13_23;14_23,130,NationalityNo,UNITED KINGDOM
1_23;3_23;5_23;7_23;8_23;11_23;13_23;14_23,127,name,CIA16TZ
1_23;3_23;5_23;7_23;8_23;11_23;13_23;14_23,127,webPA_final,0.99
1_23;3_23;5_23;7_23;8_23;11_23;13_23;14_23,127,Sex,male
1_23;3_23;5_23;7_23;8_23;11_23;13_23;14_23,127,NationalityNo,CHINA
1_24;3_24;5_24;7_24;8_24;10_24;11_24;13_24;14_24,132,name,CIA16ADB
1_24;3_24;5_24;7_24;8_24;10_24;11_24;13_24;14_24,132,webPA_final,1.01
1_24;3_24;5_24;7_24;8_24;10_24;11_24;13_24;14_24,132,Sex,male
1_24;3_24;5_24;7_24;8_24;10_24;11_24;13_24;14_24,132,NationalityNo,UNITED KINGDOM
1_24;3_24;5_24;7_24;8_24;10_24;11_24;13_24;14_24,134,name,CIA17SA
1_24;3_24;5_24;7_24;8_24;10_24;11_24;13_24;14_24,134,webPA_final,1.02
1_24;3_24;5_24;7_24;8_24;10_24;11_24;13_24;14_24,134,Sex,female
1_24;3_24;5_24;7_24;8_24;10_24;11_24;13_24;14_24,134,NationalityNo,UNITED KINGDOM
1_24;3_24;5_24;7_24;8_24;10_24;11_24;13_24;14_24,133,name,CIA16EGP
1_24;3_24;5_24;7_24;8_24;10_24;11_24;13_24;14_24,133,webPA_final,1.02
1_24;3_24;5_24;7_24;8_24;10_24;11_24;13_24;14_24,133,Sex,female
1_24;3_24;5_24;7_24;8_24;10_24;11_24;13_24;14_24,133,NationalityNo,UNITED KINGDOM
1_24;3_24;5_24;7_24;8_24;10_24;11_24;13_24;14_24,136,name,CIB17TA
1_24;3_24;5_24;7_24;8_24;10_24;11_24;13_24;14_24,136,webPA_final,0.95
1_24;3_24;5_24;7_24;8_24;10_24;11_24;13_24;14_24,136,Sex,male
1_24;3_24;5_24;7_24;8_24;10_24;11_24;13_24;14_24,136,NationalityNo,HONG KONG
1_24;3_24;5_24;7_24;8_24;10_24;11_24;13_24;14_24,137,name,MEB17MNN
1_24;3_24;5_24;7_24;8_24;10_24;11_24;13_24;14_24,137,webPA_final,1.0
1_24;3_24;5_24;7_24;8_24;10_24;11_24;13_24;14_24,137,Sex,male
1_24;3_24;5_24;7_24;8_24;10_24;11_24;13_24;14_24,137,NationalityNo,MALAYSIA
1_24;3_24;5_24;7_24;8_24;10_24;11_24;13_24;14_24,135,name,CIA17WKW
1_24;3_24;5_24;7_24;8_24;10_24;11_24;13_24;14_24,135,webPA_final,1.02
1_24;3_24;5_24;7_24;8_24;10_24;11_24;13_24;14_24,135,Sex,male
1_24;3_24;5_24;7_24;8_24;10_24;11_24;13_24;14_24,135,NationalityNo,HONG KONG
1_25;3_25;5_25;7_25;8_25;10_25;11_25;13_25;14_25,141,name,EIA17LSS
1_25;3_25;5_25;7_25;8_25;10_25;11_25;13_25;14_25,141,webPA_final,1.0
1_25;3_25;5_25;7_25;8_25;10_25;11_25;13_25;14_25,141,Sex,female
1_25;3_25;5_25;7_25;8_25;10_25;11_25;13_25;14_25,141,NationalityNo,UNITED KINGDOM
1_25;3_25;5_25;7_25;8_25;10_25;11_25;13_25;14_25,138,name,CIB17JP
1_25;3_25;5_25;7_25;8_25;10_25;11_25;13_25;14_25,138,webPA_final,0.98
1_25;3_25;5_25;7_25;8_25;10_25;11_25;13_25;14_25,138,Sex,male
1_25;3_25;5_25;7_25;8_25;10_25;11_25;13_25;14_25,138,NationalityNo,UNITED KINGDOM
1_25;3_25;5_25;7_25;8_25;10_25;11_25;13_25;14_25,139,name,CIB17PH
1_25;3_25;5_25;7_25;8_25;10_25;11_25;13_25;14_25,139,webPA_final,1.03
1_25;3_25;5_25;7_25;8_25;10_25;11_25;13_25;14_25,139,Sex,male
1_25;3_25;5_25;7_25;8_25;10_25;11_25;13_25;14_25,139,NationalityNo,UNITED KINGDOM
1_25;3_25;5_25;7_25;8_25;10_25;11_25;13_25;14_25,140,name,CIC17TS
1_25;3_25;5_25;7_25;8_25;10_25;11_25;13_25;14_25,140,webPA_final,1.03
1_25;3_25;5_25;7_25;8_25;10_25;11_25;13_25;14_25,140,Sex,female
1_25;3_25;5_25;7_25;8_25;10_25;11_25;13_25;14_25,140,NationalityNo,BOTSWANA
1_25;3_25;5_25;7_25;8_25;10_25;11_25;13_25;14_25,142,name,MEB17MHH
1_25;3_25;5_25;7_25;8_25;10_25;11_25;13_25;14_25,142,webPA_final,0.97
1_25;3_25;5_25;7_25;8_25;10_25;11_25;13_25;14_25,142,Sex,male
1_25;3_25;5_25;7_25;8_25;10_25;11_25;13_25;14_25,142,NationalityNo,MALAYSIA
1_26;3_26;5_26;7_26;8_26;10_26;11_26;13_26;14_26,148,name,CIB16AR
1_26;3_26;5_26;7_26;8_26;10_26;11_26;13_26;14_26,148,webPA_final,1.01
1_26;3_26;5_26;7_26;8_26;10_26;11_26;13_26;14_26,148,Sex,male
1_26;3_26;5_26;7_26;8_26;10_26;11_26;13_26;14_26,148,NationalityNo,UNITED KINGDOM
1_26;3_26;5_26;7_26;8_26;10_26;11_26;13_26;14_26,146,name,CIA17TMW
1_26;3_26;5_26;7_26;8_26;10_26;11_26;13_26;14_26,146,webPA_final,1.0
1_26;3_26;5_26;7_26;8_26;10_26;11_26;13_26;14_26,146,Sex,female
1_26;3_26;5_26;7_26;8_26;10_26;11_26;13_26;14_26,146,NationalityNo,UNITED KINGDOM
1_26;3_26;5_26;7_26;8_26;10_26;11_26;13_26;14_26,145,name,CIA17SW
1_26;3_26;5_26;7_26;8_26;10_26;11_26;13_26;14_26,145,webPA_final,1.0
1_26;3_26;5_26;7_26;8_26;10_26;11_26;13_26;14_26,145,Sex,female
1_26;3_26;5_26;7_26;8_26;10_26;11_26;13_26;14_26,145,NationalityNo,MALAYSIA
1_26;3_26;5_26;7_26;8_26;10_26;11_26;13_26;14_26,144,name,CIA17SCA
1_26;3_26;5_26;7_26;8_26;10_26;11_26;13_26;14_26,144,webPA_final,1.0
1_26;3_26;5_26;7_26;8_26;10_26;11_26;13_26;14_26,144,Sex,male
1_26;3_26;5_26;7_26;8_26;10_26;11_26;13_26;14_26,144,NationalityNo,UNITED KINGDOM
1_26;3_26;5_26;7_26;8_26;10_26;11_26;13_26;14_26,143,name,CIA17NJD
1_26;3_26;5_26;7_26;8_26;10_26;11_26;13_26;14_26,143,webPA_final,1.0
1_26;3_26;5_26;7_26;8_26;10_26;11_26;13_26;14_26,143,Sex,male
1_26;3_26;5_26;7_26;8_26;10_26;11_26;13_26;14_26,143,NationalityNo,UNITED KINGDOM
1_26;3_26;5_26;7_26;8_26;10_26;11_26;13_26;14_26,147,name,CIA17WLS
1_26;3_26;5_26;7_26;8_26;10_26;11_26;13_26;14_26,147,webPA_final,1.0
1_26;3_26;5_26;7_26;8_26;10_26;11_26;13_26;14_26,147,Sex,male
1_26;3_26;5_26;7_26;8_26;10_26;11_26;13_26;14_26,147,NationalityNo,HONG KONG
1_27;3_27;7_27;8_27;13_27;14_27,152,name,CIA17TFL
1_27;3_27;7_27;8_27;13_27;14_27,152,webPA_final,0.99
1_27;3_27;7_27;8_27;13_27;14_27,152,Sex,male
1_27;3_27;7_27;8_27;13_27;14_27,152,NationalityNo,UNITED KINGDOM
1_27;3_27;11_27;14_27,150,name,CIA17SN
1_27;3_27;11_27;14_27,150,webPA_final,1.03
1_27;3_27;11_27;14_27,150,Sex,female
1_27;3_27;11_27;14_27,150,NationalityNo,UNITED KINGDOM
1_27;3_27;7_27;8_27;10_27;11_27;13_27;14_27,149,name,CIA17DKG
1_27;3_27;7_27;8_27;10_27;11_27;13_27;14_27,149,webPA_final,1.04
1_27;3_27;7_27;8_27;10_27;11_27;13_27;14_27,149,Sex,male
1_27;3_27;7_27;8_27;10_27;11_27;13_27;14_27,149,NationalityNo,SRI LANKA
1_27;3_27;7_27;8_27;10_27;11_27;13_27;14_27,151,name,CIA17TDG
1_27;3_27;7_27;8_27;10_27;11_27;13_27;14_27,151,webPA_final,1.01
1_27;3_27;7_27;8_27;10_27;11_27;13_27;14_27,151,Sex,male
1_27;3_27;7_27;8_27;10_27;11_27;13_27;14_27,151,NationalityNo,UNITED KINGDOM
1_27;3_27;7_27;8_27;10_27;11_27;14_27,153,name,CIC17AS
1_27;3_27;7_27;8_27;10_27;11_27;14_27,153,webPA_final,0.92
1_27;3_27;7_27;8_27;10_27;11_27;14_27,153,Sex,male
1_27;3_27;7_27;8_27;10_27;11_27;14_27,153,NationalityNo,CYPRUS (EUROPEAN UNION)
1_27;3_27;7_27;10_27;11_27;14_27,154,name,EIA17SAF
1_27;3_27;7_27;10_27;11_27;14_27,154,webPA_final,1.01
1_27;3_27;7_27;10_27;11_27;14_27,154,Sex,male
1_27;3_27;7_27;10_27;11_27;14_27,154,NationalityNo,UNITED KINGDOM
1_28;3_28;5_28;7_28;8_28;10_28;11_28;13_28;14_28,160,name,CIB17AA
1_28;3_28;5_28;7_28;8_28;10_28;11_28;13_28;14_28,160,webPA_final,1.03
1_28;3_28;5_28;7_28;8_28;10_28;11_28;13_28;14_28,160,Sex,male
1_28;3_28;5_28;7_28;8_28;10_28;11_28;13_28;14_28,160,NationalityNo,UNITED KINGDOM
1_28;3_28;5_28;7_28;8_28;10_28;11_28;13_28;14_28,158,name,CIA17KLG
1_28;3_28;5_28;7_28;8_28;10_28;11_28;13_28;14_28,158,webPA_final,1.02
1_28;3_28;5_28;7_28;8_28;10_28;11_28;13_28;14_28,158,Sex,male
1_28;3_28;5_28;7_28;8_28;10_28;11_28;13_28;14_28,158,NationalityNo,MALAYSIA
1_28;3_28;5_28;7_28;8_28;10_28;11_28;13_28;14_28,159,name,CIA17TMR
1_28;3_28;5_28;7_28;8_28;10_28;11_28;13_28;14_28,159,webPA_final,1.0
1_28;3_28;5_28;7_28;8_28;10_28;11_28;13_28;14_28,159,Sex,male
1_28;3_28;5_28;7_28;8_28;10_28;11_28;13_28;14_28,159,NationalityNo,UNITED KINGDOM
1_28;3_28;5_28;7_28;8_28;11_28;13_28;14_28,155,name,CIA17EW
1_28;3_28;5_28;7_28;8_28;11_28;13_28;14_28,155,webPA_final,1.01
1_28;3_28;5_28;7_28;8_28;11_28;13_28;14_28,155,Sex,female
1_28;3_28;5_28;7_28;8_28;11_28;13_28;14_28,155,NationalityNo,UNITED KINGDOM
1_28;3_28;5_28;7_28;8_28;10_28;11_28;13_28;14_28,157,name,CIA17IKC
1_28;3_28;5_28;7_28;8_28;10_28;11_28;13_28;14_28,157,webPA_final,1.0
1_28;3_28;5_28;7_28;8_28;10_28;11_28;13_28;14_28,157,Sex,male
1_28;3_28;5_28;7_28;8_28;10_28;11_28;13_28;14_28,157,NationalityNo,MACAO
1_28;3_28;5_28;7_28;8_28;10_28;11_28;13_28;14_28,156,name,CIA17GP
1_28;3_28;5_28;7_28;8_28;10_28;11_28;13_28;14_28,156,webPA_final,0.96
1_28;3_28;5_28;7_28;8_28;10_28;11_28;13_28;14_28,156,Sex,male
1_28;3_28;5_28;7_28;8_28;10_28;11_28;13_28;14_28,156,NationalityNo,UNITED KINGDOM
1_29;3_29;5_29;7_29;8_29;10_29;11_29;13_29,166,name,CIB17OE
1_29;3_29;5_29;7_29;8_29;10_29;11_29;13_29,166,webPA_final,0.98
1_29;3_29;5_29;7_29;8_29;10_29;11_29;13_29,166,Sex,male
1_29;3_29;5_29;7_29;8_29;10_29;11_29;13_29,166,NationalityNo,LEBANON
1_29;3_29;5_29;7_29;8_29;10_29;11_29;13_29,163,name,CIA17EJ
1_29;3_29;5_29;7_29;8_29;10_29;11_29;13_29,163,webPA_final,1.0
1_29;3_29;5_29;7_29;8_29;10_29;11_29;13_29,163,Sex,male
1_29;3_29;5_29;7_29;8_29;10_29;11_29;13_29,163,NationalityNo,UNITED KINGDOM
1_29;3_29;5_29;7_29;8_29;10_29;11_29;13_29,162,name,CIA17CTS
1_29;3_29;5_29;7_29;8_29;10_29;11_29;13_29,162,webPA_final,1.02
1_29;3_29;5_29;7_29;8_29;10_29;11_29;13_29,162,Sex,male
1_29;3_29;5_29;7_29;8_29;10_29;11_29;13_29,162,NationalityNo,UNITED KINGDOM
1_29;3_29;5_29;7_29;8_29;10_29;11_29;13_29,161,name,CIA17CTN
1_29;3_29;5_29;7_29;8_29;10_29;11_29;13_29,161,webPA_final,1.05
1_29;3_29;5_29;7_29;8_29;10_29;11_29;13_29,161,Sex,male
1_29;3_29;5_29;7_29;8_29;10_29;11_29;13_29,161,NationalityNo,MALAYSIA
1_29;3_29;5_29;7_29;8_29;10_29;11_29;13_29,165,name,CIB16AD
1_29;3_29;5_29;7_29;8_29;10_29;11_29;13_29,165,webPA_final,1.0
1_29;3_29;5_29;7_29;8_29;10_29;11_29;13_29,165,Sex,female
1_29;3_29;5_29;7_29;8_29;10_29;11_29;13_29,165,NationalityNo,UNITED KINGDOM
1_29;3_29;5_29;7_29;8_29;10_29;11_29;13_29,164,name,CIA17WM
1_29;3_29;5_29;7_29;8_29;10_29;11_29;13_29,164,webPA_final,0.96
1_29;3_29;5_29;7_29;8_29;10_29;11_29;13_29,164,Sex,male
1_29;3_29;5_29;7_29;8_29;10_29;11_29;13_29,164,NationalityNo,UNITED KINGDOM
1_30;3_30;5_30;7_30;8_30;10_30;11_30;13_30;14_30,172,name,CIC17AW
1_30;3_30;5_30;7_30;8_30;10_30;11_30;13_30;14_30,172,webPA_final,1.0
1_30;3_30;5_30;7_30;8_30;10_30;11_30;13_30;14_30,172,Sex,female
1_30;3_30;5_30;7_30;8_30;10_30;11_30;13_30;14_30,172,NationalityNo,UNITED KINGDOM
1_30;3_30;5_30;7_30;8_30;10_30;11_30;13_30;14_30,168,name,CIA17MMC
1_30;3_30;5_30;7_30;8_30;10_30;11_30;13_30;14_30,168,webPA_final,1.0
1_30;3_30;5_30;7_30;8_30;10_30;11_30;13_30;14_30,168,Sex,female
1_30;3_30;5_30;7_30;8_30;10_30;11_30;13_30;14_30,168,NationalityNo,UNITED KINGDOM
1_30;5_30;7_30;8_30;10_30;11_30;13_30;14_30,169,name,CIA17MNM
1_30;5_30;7_30;8_30;10_30;11_30;13_30;14_30,169,webPA_final,0.99
1_30;5_30;7_30;8_30;10_30;11_30;13_30;14_30,169,Sex,male
1_30;5_30;7_30;8_30;10_30;11_30;13_30;14_30,169,NationalityNo,MALAYSIA
1_30;3_30;5_30;7_30;8_30;10_30;11_30;13_30;14_30,171,name,CIB17NL
1_30;3_30;5_30;7_30;8_30;10_30;11_30;13_30;14_30,171,webPA_final,1.0
1_30;3_30;5_30;7_30;8_30;10_30;11_30;13_30;14_30,171,Sex,male
1_30;3_30;5_30;7_30;8_30;10_30;11_30;13_30;14_30,171,NationalityNo,UNITED KINGDOM
1_30;3_30;5_30;7_30;8_30;10_30;11_30;13_30;14_30,167,name,CIA17BEB
1_30;3_30;5_30;7_30;8_30;10_30;11_30;13_30;14_30,167,webPA_final,1.0
1_30;3_30;5_30;7_30;8_30;10_30;11_30;13_30;14_30,167,Sex,male
1_30;3_30;5_30;7_30;8_30;10_30;11_30;13_30;14_30,167,NationalityNo,UNITED KINGDOM
1_30;3_30;5_30;7_30;8_30;10_30;11_30;13_30;14_30,170,name,CIA17SD
1_30;3_30;5_30;7_30;8_30;10_30;11_30;13_30;14_30,170,webPA_final,1.0
1_30;3_30;5_30;7_30;8_30;10_30;11_30;13_30;14_30,170,Sex,male
1_30;3_30;5_30;7_30;8_30;10_30;11_30;13_30;14_30,170,NationalityNo,UNITED KINGDOM
1_31;3_31;5_31;7_31;8_31;10_31;11_31;13_31;14_31,174,name,CIA17EK
1_31;3_31;5_31;7_31;8_31;10_31;11_31;13_31;14_31,174,webPA_final,1.0
1_31;3_31;5_31;7_31;8_31;10_31;11_31;13_31;14_31,174,Sex,female
1_31;3_31;5_31;7_31;8_31;10_31;11_31;13_31;14_31,174,NationalityNo,UNITED KINGDOM
1_31;3_31;5_31;7_31;8_31;10_31;11_31;13_31;14_31,178,name,CIC17JL
1_31;3_31;5_31;7_31;8_31;10_31;11_31;13_31;14_31,178,webPA_final,1.02
1_31;3_31;5_31;7_31;8_31;10_31;11_31;13_31;14_31,178,Sex,male
1_31;3_31;5_31;7_31;8_31;10_31;11_31;13_31;14_31,178,NationalityNo,MALAYSIA
1_31;3_31;5_31;7_31;8_31;10_31;11_31;14_31,175,name,CIA17ET
1_31;3_31;5_31;7_31;8_31;10_31;11_31;14_31,175,webPA_final,1.01
1_31;3_31;5_31;7_31;8_31;10_31;11_31;14_31,175,Sex,female
1_31;3_31;5_31;7_31;8_31;10_31;11_31;14_31,175,NationalityNo,UNITED KINGDOM
1_32;2_32;3_32;4_32;5_32;6_32;7_32;8_32;10_32;12_32;13_32;14_32,181,name,CIA16MRB
1_32;2_32;3_32;4_32;5_32;6_32;7_32;8_32;10_32;12_32;13_32;14_32,181,webPA_final,1.04
1_32;2_32;3_32;4_32;5_32;6_32;7_32;8_32;10_32;12_32;13_32;14_32,181,Sex,female
1_32;2_32;3_32;4_32;5_32;6_32;7_32;8_32;10_32;12_32;13_32;14_32,181,NationalityNo,UNITED KINGDOM
1_32;2_32;3_32;4_32;5_32;6_32;7_32;8_32;10_32;12_32;14_32,182,name,CIA16NKC
1_32;2_32;3_32;4_32;5_32;6_32;7_32;8_32;10_32;12_32;14_32,182,webPA_final,1.04
1_32;2_32;3_32;4_32;5_32;6_32;7_32;8_32;10_32;12_32;14_32,182,Sex,female
1_32;2_32;3_32;4_32;5_32;6_32;7_32;8_32;10_32;12_32;14_32,182,NationalityNo,UNITED KINGDOM
2_02;3_02;6_02;7_02;8_02;9_02;10_02;11_02;13_02,8,name,CIA17MKS
2_02;3_02;6_02;7_02;8_02;9_02;10_02;11_02;13_02,8,webPA_final,0.98
2_02;3_02;6_02;7_02;8_02;9_02;10_02;11_02;13_02,8,Sex,male
2_02;3_02;6_02;7_02;8_02;9_02;10_02;11_02;13_02,8,NationalityNo,UNITED KINGDOM
2_07;3_07;4_07;5_07;6_07;7_07;8_07;9_07;10_07;11_07;12_07;13_07,36,name,CIA17CH
2_07;3_07;4_07;5_07;6_07;7_07;8_07;9_07;10_07;11_07;12_07;13_07,36,webPA_final,1.0
2_07;3_07;4_07;5_07;6_07;7_07;8_07;9_07;10_07;11_07;12_07;13_07,36,Sex,male
2_07;3_07;4_07;5_07;6_07;7_07;8_07;9_07;10_07;11_07;12_07;13_07,36,NationalityNo,UNITED KINGDOM
2_11;3_11;4_11;5_11;6_11;7_11;8_11;9_11;10_11;11_11;12_11;13_11;14_11,58,name,CIA17FWS
2_11;3_11;4_11;5_11;6_11;7_11;8_11;9_11;10_11;11_11;12_11;13_11;14_11,58,webPA_final,0.97
2_11;3_11;4_11;5_11;6_11;7_11;8_11;9_11;10_11;11_11;12_11;13_11;14_11,58,Sex,male
2_11;3_11;4_11;5_11;6_11;7_11;8_11;9_11;10_11;11_11;12_11;13_11;14_11,58,NationalityNo,UNITED KINGDOM
2_12;3_12;4_12;5_12;6_12;7_12;8_12;9_12;10_12;11_12;12_12;13_12;14_12,67,name,CIA17MSH
2_12;3_12;4_12;5_12;6_12;7_12;8_12;9_12;10_12;11_12;12_12;13_12;14_12,67,webPA_final,1.02
2_12;3_12;4_12;5_12;6_12;7_12;8_12;9_12;10_12;11_12;12_12;13_12;14_12,67,Sex,male
2_12;3_12;4_12;5_12;6_12;7_12;8_12;9_12;10_12;11_12;12_12;13_12;14_12,67,NationalityNo,EGYPT
2_32;3_32;4_32;5_32;6_32;7_32;8_32;10_32;12_32;13_32;14_32,179,name,CIA16IFM
2_32;3_32;4_32;5_32;6_32;7_32;8_32;10_32;12_32;13_32;14_32,179,webPA_final,1.04
2_32;3_32;4_32;5_32;6_32;7_32;8_32;10_32;12_32;13_32;14_32,179,Sex,male
2_32;3_32;4_32;5_32;6_32;7_32;8_32;10_32;12_32;13_32;14_32,179,NationalityNo,UNITED KINGDOM
2_32;3_32;4_32;5_32;6_32;7_32;8_32;10_32;14_32,180,name,CIA16JS
2_32;3_32;4_32;5_32;6_32;7_32;8_32;10_32;14_32,180,webPA_final,1.03
2_32;3_32;4_32;5_32;6_32;7_32;8_32;10_32;14_32,180,Sex,male
2_32;3_32;4_32;5_32;6_32;7_32;8_32;10_32;14_32,180,NationalityNo,UNITED KINGDOM
2_32;3_32;5_32;7_32;8_32;10_32;12_32;13_32;14_32,183,name,CIB16MH
2_32;3_32;5_32;7_32;8_32;10_32;12_32;13_32;14_32,183,webPA_final,0.86
2_32;3_32;5_32;7_32;8_32;10_32;12_32;13_32;14_32,183,Sex,male
2_32;3_32;5_32;7_32;8_32;10_32;12_32;13_32;14_32,183,NationalityNo,UNITED KINGDOM
3_08;4_08;5_08;7_08;8_08;9_08;10_08;11_08;13_08,45,name,CIB17HH
3_08;4_08;5_08;7_08;8_08;9_08;10_08;11_08;13_08,45,webPA_final,0.87
3_08;4_08;5_08;7_08;8_08;9_08;10_08;11_08;13_08,45,Sex,male
3_08;4_08;5_08;7_08;8_08;9_08;10_08;11_08;13_08,45,NationalityNo,HONG KONG
3_18;5_18;7_18;8_18;10_18;11_18;13_18;14_18,100,name,CIA17MG
3_18;5_18;7_18;8_18;10_18;11_18;13_18;14_18,100,webPA_final,1.0
3_18;5_18;7_18;8_18;10_18;11_18;13_18;14_18,100,Sex,male
3_18;5_18;7_18;8_18;10_18;11_18;13_18;14_18,100,NationalityNo,UNITED KINGDOM
3_31;5_31;7_31;8_31;10_31;11_31;13_31;14_31,173,name,CIA17EJB
3_31;5_31;7_31;8_31;10_31;11_31;13_31;14_31,173,webPA_final,1.0
3_31;5_31;7_31;8_31;10_31;11_31;13_31;14_31,173,Sex,male
3_31;5_31;7_31;8_31;10_31;11_31;13_31;14_31,173,NationalityNo,UNITED KINGDOM
3_31;5_31;7_31;8_31;11_31;13_31,176,name,CIA17TGG
3_31;5_31;7_31;8_31;11_31;13_31,176,webPA_final,0.97
3_31;5_31;7_31;8_31;11_31;13_31,176,Sex,male
3_31;5_31;7_31;8_31;11_31;13_31,176,NationalityNo,BOTSWANA
3_31;5_31;7_31;8_31;10_31;11_31;13_31;14_31,177,name,Cia17zaw
3_31;5_31;7_31;8_31;10_31;11_31;13_31;14_31,177,webPA_final,1.03
3_31;5_31;7_31;8_31;10_31;11_31;13_31;14_31,177,Sex,male
3_31;5_31;7_31;8_31;10_31;11_31;13_31;14_31,177,NationalityNo,UNITED KINGDOM
5_19;7_19;8_19;11_19;13_19;14_19,105,name,CIA17HKC
5_19;7_19;8_19;11_19;13_19;14_19,105,webPA_final,0.94
5_19;7_19;8_19;11_19;13_19;14_19,105,Sex,male
5_19;7_19;8_19;11_19;13_19;14_19,105,NationalityNo,HONG KONG
